<?xml version="1.0" encoding="UTF-8" standalone="yes"?>
<addon id="plugin.video.science.friday" name="Science Friday" provider-name="willforde" version="1.0.0">
	<requires>
		<import addon="xbmc.python" version="2.1.0"/>
		<import addon="script.module.xbmcutil" version="2.0.2"/>
		<import addon="plugin.video.youtube" version="4.4.8"/>
	</requires>
	<extension library="addon.py" point="xbmc.python.pluginsource">
		<provides>video</provides>
	</extension>
	<extension point="xbmc.addon.metadata">
		<language>en</language>
		<platform>all</platform>
		<summary lang="en">Science Friday is your trusted source for news and entertaining stories about science.</summary>
		<description lang="en">Science Friday is your trusted source for news and entertaining stories about science. We started as a radio show, created in 1991 by host and executive producer Ira Flatow. Since then, we’ve grown into much more: We produce award-winning digital videos and publish original web content covering everything from octopus camouflage to cooking on Mars. SciFri is brain fun, for curious people.</description>
		<license>GNU GENERAL PUBLIC LICENSE. Version 3, June 2007</license>
		<email>willforde+xbmc@gmail.com</email>
		<forum>http://forum.xbmc.org/showthread.php?tid=_____</forum>
		<source>https://github.com/willforde/plugin.video.science.friday</source>
		<website>http://www.sciencefriday.com</website>
	</extension>
</addon>