<?xml version="1.0" encoding="UTF-8" standalone="yes"?>
<addon id="plugin.video.enemy.territory" name="Enemy Territory" provider-name="willforde" version="1.0.3">
	<requires>
		<import addon="xbmc.python" version="2.1.0"/>
		<import addon="script.module.xbmcutil" version="2.1.0"/>
	</requires>
	<extension library="addon.py" point="xbmc.python.pluginsource">
		<provides>video</provides>
	</extension>
	<extension point="xbmc.addon.metadata">
		<language>en</language>
		<platform>all</platform>
		<summary lang="en">Enemy Territory, Archived Enemy Territory Matchs.</summary>
		<description lang="en">Enemy Territory, Archived Enemy Territory Matchs.</description>
		<license>GNU GENERAL PUBLIC LICENSE. Version 3, June 2007</license>
		<email>willforde+xbmc@gmail.com</email>
		<forum>http://forum.xbmc.org/showthread.php?tid=178789</forum>
		<source>https://github.com/willforde/plugin.video.enemy.territory</source>
		<website>http://enemyterritory.sectornetwork.com/data/playlist_MySQL.php</website>
	</extension>
</addon>