<?xml version="1.0" encoding="UTF-8" standalone="yes"?>
<addon id="plugin.video.revision" name="Revision 3" provider-name="willforde" version="1.0.3">
	<requires>
		<import addon="xbmc.python" version="2.1.0"/>
		<import addon="script.module.xbmcutil" version="2.1.0"/>
		<import addon="script.module.parsedom" version="2.5.2"/>
	</requires>
	<extension library="addon.py" point="xbmc.python.pluginsource">
		<provides>video</provides>
	</extension>
	<extension point="xbmc.addon.metadata">
		<language>en</language>
		<platform>all</platform>
		<summary lang="en">Leading Television Network for the Internet Generation.</summary>
		<description lang="en">Revision 3 shows cover everything from the latest games and gadgets to the funniest film reviews and more.</description>
		<license>GNU GENERAL PUBLIC LICENSE. Version 3, June 2007</license>
		<email>willforde+xbmc@gmail.com</email>
		<forum>http://forum.xbmc.org/showthread.php?tid=178800</forum>
		<source>https://github.com/willforde/plugin.video.revision</source>
		<website>http://revision3.com</website>
	</extension>
</addon>