<?xml version="1.0" encoding="UTF-8" standalone="yes"?>
<addon id="plugin.video.myyoutube" name="My Youtube" provider-name="willforde" version="1.0.2">
	<requires>
		<import addon="xbmc.python" version="2.1.0"/>
		<import addon="script.module.xbmcutil" version="2.1.0"/>
		<import addon="plugin.video.youtube" version="4.4.8"/>
	</requires>
	<extension library="addon.py" point="xbmc.python.pluginsource">
		<provides>video</provides>
	</extension>
	<extension point="xbmc.addon.metadata">
		<language>en</language>
		<platform>all</platform>
		<summary lang="en">Custom Youtube Channels</summary>
		<description lang="en">Custom Youtube Channels picked by me</description>
		<license>GNU GENERAL PUBLIC LICENSE. Version 3, June 2007</license>
		<email>willforde+xbmc@gmail.com</email>
		<forum>http://forum.xbmc.org/showthread.php?tid=_____</forum>
		<source>https://github.com/willforde/plugin.video._____</source>
		<website>_____</website>
	</extension>
</addon>