<?xml version="1.0" encoding="UTF-8" standalone="yes"?>
<addon id="plugin.video.jupiter.broadcasting" name="Jupiter Broadcastings" provider-name="willforde" version="1.0.2">
	<requires>
		<import addon="xbmc.python" version="2.1.0"/>
		<import addon="script.module.xbmcutil" version="2.1.0"/>
		<import addon="script.module.parsedom" version="2.5.2"/>
	</requires>
	<extension library="addon.py" point="xbmc.python.pluginsource">
		<provides>video</provides>
	</extension>
	<extension point="xbmc.addon.metadata">
		<language>en</language>
		<platform>all</platform>
		<summary lang="en">Jupiter Broadcasting video addon.</summary>
		<description lang="en">Watch shows from the Jupiter Broadcasting Network including the Linux Action Show, TechSNAP, SciByte, FauxShow, Coder Radio, and more.</description>
		<license>GNU GENERAL PUBLIC LICENSE. Version 3, June 2007</license>
		<email>willforde+xbmc@gmail.com</email>
		<forum>http://forum.xbmc.org/showthread.php?tid=178797</forum>
		<source>https://github.com/willforde/plugin.video.jupiter.broadcasting</source>
		<website>http://www.jupiterbroadcasting.com</website>
	</extension>
</addon>