<?xml version="1.0" encoding="UTF-8" standalone="yes"?>
<addon id="plugin.video.toonjet" name="Toonjet" provider-name="willforde" version="1.0.0">
	<requires>
		<import addon="xbmc.python" version="2.1.0"/>
		<import addon="script.module.xbmcutil" version="2.0.2"/>
		<import addon="plugin.video.youtube" version="4.4.8"/>
	</requires>
	<extension library="addon.py" point="xbmc.python.pluginsource">
		<provides>video</provides>
	</extension>
	<extension point="xbmc.addon.metadata">
		<language>en</language>
		<platform>all</platform>
		<summary lang="en">ToonJet brings you the coolest classic cartoons</summary>
		<description lang="en">Welcome to ToonJet, your first-class ticket to watch free online cartoons! ToonJet has now taken flight, and there are many, many cartoons to download and watch</description>
		<license>GNU GENERAL PUBLIC LICENSE. Version 3, June 2007</license>
		<email>willforde+xbmc@gmail.com</email>
		<forum>http://forum.xbmc.org/showthread.php?tid=_____</forum>
		<source>https://github.com/willforde/plugin.video.toonjet</source>
		<website>http://www.toonjet.com</website>
	</extension>
</addon>