<?xml version="1.0" encoding="UTF-8" standalone="yes"?>
<addon id="plugin.video.watchmojo" name="Watchmojo" provider-name="willforde" version="1.0.2">
	<requires>
		<import addon="xbmc.python" version="2.1.0"/>
		<import addon="script.module.xbmcutil" version="2.1.0"/>
	</requires>
	<extension library="addon.py" point="xbmc.python.pluginsource">
		<provides>video</provides>
	</extension>
	<extension point="xbmc.addon.metadata">
		<language>en</language>
		<platform>all</platform>
		<summary lang="en">WatchMojo Programing Accross All Topics.</summary>
		<description lang="en">WatchMojo.com is one of the largest producers, publishers and syndicators of video content for broadband platforms, including the Web, wireless and out-of-home digital video markets.</description>
		<license>GNU GENERAL PUBLIC LICENSE. Version 3, June 2007</license>
		<email>willforde+xbmc@gmail.com</email>
		<forum>http://forum.xbmc.org/showthread.php?tid=178802</forum>
		<source>https://github.com/willforde/plugin.video.watchmojo</source>
		<website>http://www.watchmojo.com</website>
	</extension>
</addon>